{
  "all_model_results": {
    "logistic_regression": {
      "accuracy": 0.235,
      "precision": 0.22230208063541396,
      "recall": 0.16594373910484947,
      "f1": 0.16411200163239867
    },
    "random_forest": {
      "accuracy": 0.255,
      "precision": 0.21312887891835258,
      "recall": 0.21384195221334956,
      "f1": 0.20319888075372425
    }
  },
  "best_model": "random_forest",
  "confusion_matrix": [
    [
      7,
      0,
      1,
      0,
      1,
      1,
      0,
      0,
      2,
      0,
      0,
      2,
      0,
      0,
      1,
      1,
      0,
      1
    ],
    [
      0,
      1,
      2,
      0,
      1,
      0,
      0,
      0,
      0,
      0,
      0,
      2,
      0,
      0,
      0,
      1,
      1,
      0
    ],
    [
      0,
      0,
      3,
      0,
      0,
      1,
      1,
      0,
      0,
      1,
      0,
      0,
      0,
      0,
      0,
      0,
      0,
      1
    ],
    [
      0,
      1,
      1,
      2,
      0,
      0,
      4,
      0,
      1,
      0,
      0,
      1,
      0,
      0,
      1,
      0,
      0,
      0
    ],
    [
      1,
      0,
      0,
      0,
      1,
      1,
      0,
      0,
      1,
      0,
      0,
      2,
      0,
      0,
      0,
      0,
      0,
      0
    ],
    [
      1,
      0,
      0,
      0,
      0,
      4,
      0,
      0,
      0,
      1,
      1,
      0,
      0,
      1,
      0,
      0,
      0,
      0
    ],
    [
      0,
      1,
      1,
      0,
      0,
      1,
      2,
      1,
      2,
      0,
      0,
      1,
      0,
      1,
      1,
      0,
      0,
      2
    ],
    [
      0,
      0,
      0,
      0,
      1,
      0,
      0,
      0,
      1,
      0,
      0,
      0,
      0,
      1,
      2,
      0,
      1,
      1
    ],
    [
      3,
      0,
      0,
      1,
      0,
      0,
      0,
      3,
      4,
      0,
      0,
      1,
      0,
      0,
      1,
      2,
      0,
      4
    ],
    [
      1,
      0,
      1,
      0,
      0,
      2,
      0,
      0,
      0,
      1,
      0,
      1,
      0,
      1,
      0,
      1,
      0,
      0
    ],
    [
      0,
      0,
      0,
      0,
      0,
      0,
      1,
      0,
      0,
      0,
      0,
      1,
      0,
      0,
      1,
      0,
      0,
      3
    ],
    [
      1,
      0,
      0,
      0,
      0,
      0,
      1,
      0,
      3,
      0,
      0,
      11,
      0,
      1,
      1,
      0,
      1,
      4
    ],
    [
      0,
      0,
      1,
      0,
      0,
      0,
      0,
      0,
      0,
      0,
      0,
      1,
      0,
      0,
      0,
      0,
      0,
      0
    ],
    [
      1,
      1,
      0,
      1,
      0,
      1,
      0,
      0,
      1,
      0,
      0,
      1,
      0,
      0,
      0,
      0,
      0,
      2
    ],
    [
      0,
      0,
      0,
      0,
      2,
      0,
      0,
      0,
      3,
      0,
      0,
      0,
      0,
      0,
      3,
      1,
      0,
      3
    ],
    [
      1,
      0,
      1,
      0,
      0,
      0,
      0,
      0,
      0,
      0,
      0,
      2,
      0,
      1,
      1,
      3,
      2,
      0
    ],
    [
      2,
      0,
      0,
      0,
      0,
      0,
      0,
      0,
      1,
      0,
      0,
      0,
      0,
      0,
      0,
      2,
      2,
      0
    ],
    [
      1,
      1,
      1,
      0,
      1,
      2,
      5,
      0,
      3,
      0,
      1,
      2,
      0,
      1,
      1,
      1,
      0,
      7
    ]
  ],
  "class_labels": [
    "bug",
    "dark",
    "dragon",
    "electric",
    "fairy",
    "fighting",
    "fire",
    "ghost",
    "grass",
    "ground",
    "ice",
    "normal",
    "other",
    "poison",
    "psychic",
    "rock",
    "steel",
    "water"
  ],
  "feature_importance": {
    "hp": 0.09553060230581006,
    "attack": 0.10693358457785224,
    "defense": 0.10736380253156488,
    "special_attack": 0.11191020195971735,
    "special_defense": 0.096610616260776,
    "speed": 0.10951374386417308,
    "height": 0.09509148149402738,
    "weight": 0.13731177807192338,
    "base_experience": 0.11205599563898352,
    "is_dual_type": 0.027678193295172113
  },
  "feature_stats": {
    "hp": {
      "min": 1.0,
      "max": 255.0,
      "median": 66.0
    },
    "attack": {
      "min": 5.0,
      "max": 181.0,
      "median": 75.0
    },
    "defense": {
      "min": 5.0,
      "max": 230.0,
      "median": 68.0
    },
    "special_attack": {
      "min": 10.0,
      "max": 173.0,
      "median": 65.0
    },
    "special_defense": {
      "min": 20.0,
      "max": 230.0,
      "median": 65.0
    },
    "speed": {
      "min": 5.0,
      "max": 200.0,
      "median": 65.0
    },
    "height": {
      "min": 1.0,
      "max": 200.0,
      "median": 10.0
    },
    "weight": {
      "min": 1.0,
      "max": 9999.0,
      "median": 280.0
    },
    "base_experience": {
      "min": 36.0,
      "max": 608.0,
      "median": 157.0
    },
    "is_dual_type": {
      "min": 0.0,
      "max": 1.0,
      "median": 1.0
    }
  },
  "features": [
    "hp",
    "attack",
    "defense",
    "special_attack",
    "special_defense",
    "speed",
    "height",
    "weight",
    "base_experience",
    "is_dual_type"
  ],
  "n_rows": 1000
}